smiles,name,LogD,LogP,pKa,pKb,wLogSol,Caco2(REG),hERG(REG),MW,TPSA,PAINS,SaScore,QED,cLogP,Volume,nHA,nHD,nRot,nHet,fChar,stereo_centers,Caco2(Class),Caco2(Class) Confidence,MDCK_Efflux(Class),MDCK_Efflux(Class) Confidence,HLM(Class),HLM(Class) Confidence,HHep(Class),HHep(Class) Confidence,BBB(Class),BBB(Class) Confidence,hERG(Class),hERG(Class) Confidence,AMES(Class),AMES(Class) Confidence,Hepatotoxicity(Class),Hepatotoxicity(Class) Confidence,Phototoxicity(Class),Phototoxicity(Class) Confidence
Oc1ccc(/C=C/c2cc(O)cc(OC3OCC(O)C(O)C3O)c2)cc1,88-(E)-Resveratrol 3-O-β-D-xylopyranoside.sdf,1.7,0.889,9.265,5.558,-2.785,0.74,23.44,360.12,119.61,,3.62,0.52,1.09,93.53,7,5,4,7,,4,Low Permeability,High Confidence,Low Efflux,High Confidence,Low Clearance,High Confidence,High Clearance,High Confidence,BBB+,High Confidence,Low Risk,High Confidence,Negative,Low Confidence,Low Risk,High Confidence,Low Risk,Low Confidence
O=C1C[C@H]2[C@@H]3[C@H](CCCN13)CN1C(=O)CCC[C@H]21,119-Sophaline B.sdf,-0.22,0.151,10.357,3.702,-1.812,15.63,77.8,248.15,40.62,,3.96,0.64,1.01,65.68,2,,,4,,4,High Permeability,High Confidence,Low Efflux,High Confidence,Low Clearance,High Confidence,Low Clearance,High Confidence,BBB+,High Confidence,Low Risk,High Confidence,Negative,High Confidence,Low Risk,High Confidence,Low Risk,High Confidence
O=C1CCCN2CCC[C@](O)(C2=O)[C@H]2CCCC(=O)N2C1,113-alopecurine B.sdf,-0.79,-0.323,10.475,4.098,-0.802,6.07,116.95,294.16,77.92,,5.04,0.69,0.08,74.36,4,1,,6,,3,High Permeability,High Confidence,Low Efflux,High Confidence,Low Clearance,High Confidence,Low Clearance,High Confidence,BBB+,High Confidence,Low Risk,High Confidence,Negative,High Confidence,Low Risk,High Confidence,Low Risk,High Confidence
COC(=O)[C@]1(C)CCCC2=C1CC[C@@H](C)[C@]2(C)CCC1=CC(=O)OC1,86-Crassifolin A.sdf,3.32,3.585,8.505,4.406,-5.244,21.23,10.64,346.21,52.6,,4.5,0.56,4.35,95.78,4,,4,4,,3,High Permeability,High Confidence,Low Efflux,High Confidence,High Clearance,High Confidence,High Clearance,High Confidence,BBB+,High Confidence,Low Risk,High Confidence,Negative,High Confidence,Low Risk,High Confidence,Low Risk,Low Confidence
Oc1cc(O)c2c(c1)OC(c1ccc(O)c(O)c1)[C@H](O)C2,55-Epicatechin.sdf,0.91,0.577,8.653,4.675,-1.507,0.39,32.58,290.08,110.38,1,3.34,0.51,1.55,72.62,6,5,1,6,,2,Low Permeability,High Confidence,Low Efflux,High Confidence,Low Clearance,High Confidence,High Clearance,High Confidence,BBB+,High Confidence,Low Risk,High Confidence,Negative,High Confidence,Low Risk,High Confidence,Low Risk,High Confidence
CC1(C)CC[C@]2(C(=O)O)CC[C@]3(C)C(=CC[C@@H]4[C@@]5(C)C[C@@H](OC(=O)/C=C/c6ccc(O)cc6)[C@H](O)[C@@](C)(CO)[C@@H]5CC[C@]43C)[C@@H]2C1,90-2α-O-trans-p-Coumaroylarjunolic acid.sdf,3.631,6.34,7.54,6.313,-8.135,0.82,13.03,634.39,124.29,,5.1,0.15,7.15,176.5,6,4,5,7,,10,High Permeability,Low Confidence,Low Efflux,High Confidence,Low Clearance,Low Confidence,High Clearance,High Confidence,BBB-,High Confidence,Low Risk,High Confidence,Negative,High Confidence,Low Risk,High Confidence,Low Risk,Low Confidence
CC[C@H](/C=C/[C@@H](C)[C@H]1CCC2[C@@H]3CC=C4C[C@@H](O)CC[C@]4(C)[C@H]3CC[C@@]21C)C(C)C,64-Stigmasterol .sdf,7.352,8.271,11.007,5.113,-8.042,19.82,7.91,412.37,20.23,,4.57,0.46,7.8,128.12,1,1,5,1,,9,High Permeability,High Confidence,Low Efflux,High Confidence,High Clearance,Low Confidence,High Clearance,High Confidence,BBB+,High Confidence,Low Risk,High Confidence,Negative,High Confidence,Low Risk,High Confidence,Low Risk,High Confidence
CC(C)=CC[C@]12C[C@]3(C)O[C@]1(O)[C@@](CC=C(C)C)(C[C@@H]3CC(=O)C(C)(C)O)C(O)=C(C(=O)c1ccccc1)C2=O,27-Garciyunnanin F.sdf,1.834,4.881,4.132,4.542,-7.079,5.43,38.37,550.29,121.13,,5.79,0.21,5.57,151.48,7,3,9,7,,5,High Permeability,High Confidence,High Efflux,High Confidence,High Clearance,Low Confidence,High Clearance,Low Confidence,BBB-,High Confidence,Low Risk,High Confidence,Negative,High Confidence,High Risk,High Confidence,High Risk,Low Confidence
COc1ccc2c(c1)[nH]c1c(C)nccc12,78-Harmine.sdf,2.85,3.518,12.129,7.587,-4.874,8.39,2.13,212.09,37.91,,2.13,0.67,3.03,64.89,2,1,1,3,,,High Permeability,High Confidence,Low Efflux,High Confidence,High Clearance,High Confidence,High Clearance,High Confidence,BBB+,High Confidence,High Risk,High Confidence,Positive,High Confidence,Low Risk,High Confidence,High Risk,High Confidence
C=C1C[C@@]23CC[C@H]4[C@@](C)(CC[C@@H](OC(=O)/C(C)=C/C)[C@@]4(C)C(=O)O)[C@@H]2CC[C@@H]1C3,59-3α-Tigloyloxy-ent-kaur-16-en-oic acid.sdf,3.254,5.465,4.818,5.546,-7.069,3.32,34.59,400.26,63.6,,5.81,0.38,5.53,112.14,3,1,3,4,,7,High Permeability,High Confidence,Low Efflux,High Confidence,Low Clearance,Low Confidence,High Clearance,High Confidence,BBB+,High Confidence,Low Risk,High Confidence,Negative,High Confidence,Low Risk,High Confidence,Low Risk,Low Confidence
O=c1cccc2n1C[C@@H]1CCCN3CCC[C@H]2[C@H]13,106-(-)-Sophoramine.sdf,-0.338,0.807,10.242,8.594,-1.984,17.46,49.43,244.16,25.24,,3.62,0.7,1.82,70.76,3,,,3,,3,High Permeability,High Confidence,High Efflux,Low Confidence,Low Clearance,High Confidence,Low Clearance,High Confidence,BBB-,Low Confidence,Low Risk,High Confidence,Negative,High Confidence,Low Risk,High Confidence,High Risk,Low Confidence
COc1ccc2c3c([nH]c2c1)C(C)=[N+]([O-])CC3,85-Pegaharmine I.sdf,1.903,1.554,11.487,4.764,-1.453,12.88,40.36,230.11,51.09,1,2.95,0.6,2.05,66.83,2,1,1,4,,,High Permeability,High Confidence,Low Efflux,High Confidence,High Clearance,Low Confidence,High Clearance,High Confidence,BBB+,High Confidence,Low Risk,High Confidence,Negative,High Confidence,Low Risk,High Confidence,High Risk,Low Confidence
CC12C[C@@H](c3ccoc3)O[C@@]13C[C@H](OC3=O)C1C2C[C@@H]2C[C@H]1C(=O)O2,53-Diosbulbin B.sdf,1.282,1.557,10.098,3.299,-3.626,20.09,30.55,344.13,74.97,,6.64,0.73,2.38,82.07,6,,1,6,,8,High Permeability,High Confidence,Low Efflux,High Confidence,Low Clearance,High Confidence,Low Clearance,Low Confidence,BBB+,High Confidence,Low Risk,High Confidence,Negative,Low Confidence,Low Risk,High Confidence,Low Risk,High Confidence
C=C(C)C(=O)O[C@H]1CC2=C[C@@H](C/C(C)=C/[C@H]3OC(=O)C(=C)[C@H]13)OC2=O,77-Deoxyelephantopin.sdf,1.415,1.25,9.723,4.31,-2.827,18.49,40.93,344.13,78.9,,5.83,0.33,2.16,88.16,6,,2,6,,4,High Permeability,High Confidence,Low Efflux,High Confidence,Low Clearance,Low Confidence,High Clearance,High Confidence,BBB-,Low Confidence,Low Risk,High Confidence,Negative,Low Confidence,Low Risk,High Confidence,Low Risk,Low Confidence
COc1cc2c3c(c1OC)-c1cc4c(cc1C[C@@H]3NCC2)OCO4,35-Nantenine.sdf,1.345,2.429,11.65,8.889,-4.176,21.09,12.97,325.13,48.95,,3.16,0.92,2.84,89.26,5,1,2,5,,1,High Permeability,High Confidence,Low Efflux,High Confidence,Low Clearance,High Confidence,High Clearance,Low Confidence,BBB+,High Confidence,High Risk,High Confidence,Positive,High Confidence,Low Risk,High Confidence,Low Risk,Low Confidence
COc1ccc2c3c([nH]c2c1)C(=O)NCC3,83-harmalacidine.sdf,2.019,1.768,11.445,2.103,-0.192,23.33,38.11,216.09,54.12,1,2.36,0.76,1.46,60.89,2,2,1,4,,,High Permeability,High Confidence,Low Efflux,High Confidence,High Clearance,High Confidence,High Clearance,High Confidence,BBB+,High Confidence,Low Risk,High Confidence,Negative,High Confidence,Low Risk,High Confidence,High Risk,Low Confidence
O=c1c(O)c(-c2ccc(O)cc2)oc2cc(O)cc(O)c12,42-Kaempferol.sdf,2.549,1.919,5.632,2.058,-3.225,5.71,100.93,286.05,111.13,,2.37,0.55,2.28,74.58,6,4,1,6,,,High Permeability,High Confidence,Low Efflux,High Confidence,High Clearance,High Confidence,High Clearance,High Confidence,BBB-,High Confidence,Low Risk,High Confidence,Positive,High Confidence,Low Risk,High Confidence,High Risk,High Confidence
CC[C@H](CC[C@@H](C)[C@H]1CCC2C3CC=C4C[C@@H](O[C@@H]5OC(CO)[C@@H](O)C(O)[C@@H]5O)CC[C@]4(C)C3CC[C@@]21C)C(C)C,52-Daucosterol.sdf,5.853,6.379,8.043,5.565,-7.028,1.78,6.37,576.44,99.38,,4.99,0.26,5.85,160.85,6,4,9,6,,14,Low Permeability,Low Confidence,Low Efflux,High Confidence,Low Clearance,Low Confidence,High Clearance,High Confidence,BBB+,Low Confidence,Low Risk,High Confidence,Negative,High Confidence,Low Risk,High Confidence,Low Risk,High Confidence
C[C@@H]1C[C@H]2Cc3ncccc3[C@]3(C1)NCCC[C@H]23,12-Lycodine.sdf,0.905,2.582,10.925,8.536,-2.499,22.23,39.9,242.18,24.92,,4.84,0.76,2.88,72.23,2,1,,2,,4,High Permeability,High Confidence,High Efflux,High Confidence,Low Clearance,Low Confidence,Low Clearance,High Confidence,BBB+,High Confidence,Low Risk,High Confidence,Negative,High Confidence,Low Risk,High Confidence,High Risk,Low Confidence
CC1(C)CC[C@]2(C(=O)O)CC[C@]3(C)C(=CC[C@@H]4[C@@]5(C)C[C@@H](O)[C@H](O)C(C)(C)[C@@H]5CC[C@]43C)[C@@H]2C1,94-Maslinic acid.sdf,2.898,6.024,5.426,6.254,-9.62,3.17,48.87,472.36,77.76,,4.78,0.4,6.2,134.07,3,3,1,4,,9,High Permeability,High Confidence,Low Efflux,Low Confidence,Low Clearance,Low Confidence,Low Clearance,High Confidence,BBB+,High Confidence,Low Risk,High Confidence,Negative,High Confidence,Low Risk,High Confidence,High Risk,Low Confidence
C=C1CCC[C@]2(C)C[C@H]3OC(=O)C(=C)[C@H]3CC12,89-(+)-Isoalantolactone.sdf,2.967,3.464,10.863,5.152,-3.894,21.23,22.28,232.15,26.3,,4.24,0.36,3.24,66.33,2,,,2,,4,High Permeability,High Confidence,Low Efflux,High Confidence,High Clearance,High Confidence,High Clearance,High Confidence,BBB+,High Confidence,Low Risk,High Confidence,Positive,Low Confidence,Low Risk,High Confidence,Low Risk,High Confidence
C=C1C[C@@]23CC[C@@H]4[C@](C)(C(=O)O)[C@H](OC(=O)/C(C)=C/C)CC[C@@]4(C)[C@]2(O)CC[C@@H]1C3,45-3α-Angeloyloxy-9β-hydroxy-ent-kaur-16-en-oic acid.sdf,1.846,4.299,4.754,5.512,-5.45,7.35,55.98,416.26,83.83,,6.16,0.4,4.64,113.6,4,2,3,5,,7,High Permeability,High Confidence,High Efflux,Low Confidence,Low Clearance,High Confidence,High Clearance,High Confidence,BBB-,High Confidence,Low Risk,High Confidence,Negative,High Confidence,Low Risk,High Confidence,Low Risk,Low Confidence
CC#CC#CC(=O)[C@H]1C=C[C@@]2(CCCCO2)C1,"25-6-Oxaspiro[4.5]decane, 2,4-hexadiyn-1-one deriv.sdf",2.617,2.927,8.408,4.023,-3.298,47.32,38.55,228.12,26.3,,5.22,0.39,2.1,66.01,2,,1,2,,2,High Permeability,High Confidence,Low Efflux,High Confidence,High Clearance,High Confidence,High Clearance,High Confidence,BBB+,High Confidence,Low Risk,High Confidence,Positive,Low Confidence,Low Risk,High Confidence,Low Risk,Low Confidence
CCOCc1cc2n(c1C)CC[C@@]1(O)C2=Nc2cc(OC)ccc21,79-(-)-Pegaharine B.sdf,2.287,2.839,11.467,6.138,-0.18,42.66,8.09,326.16,55.98,,3.71,0.94,3.07,92.2,5,1,4,5,,1,High Permeability,High Confidence,Low Efflux,Low Confidence,Low Clearance,High Confidence,High Clearance,Low Confidence,BBB+,High Confidence,Low Risk,High Confidence,Negative,High Confidence,Low Risk,High Confidence,Low Risk,Low Confidence
C=C(C)[C@@H](CC=C(C)C)C[C@]12C[C@]3(C)O[C@]1(O)[C@@](CC=C(C)C)(C[C@@H]3CC(=O)C(C)(C)O)C(O)=C(C(=O)c1ccccc1)C2=O,28-Garcoblone D.sdf,3.042,5.843,4.746,4.54,-8.739,2.07,25.76,618.36,121.13,,6.1,0.13,7.15,174.4,7,3,12,7,,6,High Permeability,High Confidence,High Efflux,High Confidence,High Clearance,Low Confidence,High Clearance,High Confidence,BBB-,High Confidence,Low Risk,High Confidence,Negative,High Confidence,High Risk,High Confidence,High Risk,Low Confidence
O=C1CCC[C@@H]2[C@H]3CCCN4CCC[C@@H](CN12)[C@H]34,109-(+)-allomatrine.sdf,-0.505,1.144,9.737,9.469,-2.259,16.22,113.24,248.19,23.55,,3.71,0.65,1.87,70.16,2,,,3,,4,High Permeability,High Confidence,Low Efflux,High Confidence,Low Clearance,High Confidence,Low Clearance,High Confidence,BBB+,High Confidence,Low Risk,High Confidence,Negative,High Confidence,Low Risk,High Confidence,Low Risk,High Confidence
C=C(C)C(CC=C(C)C)C[C@]12C[C@@H](CC=C(C)C)C(C)(C)[C@](CC=C(C)C)(C(=O)C(C(=O)c3ccc(O)c(O)c3)=C1O)C2=O,29-Garcino.sdf,3.6,7.225,6.358,4.774,-10.173,1.32,18.84,602.36,111.9,1,5.61,0.08,8.91,175.59,6,3,11,6,,4,High Permeability,High Confidence,High Efflux,Low Confidence,Low Clearance,Low Confidence,High Clearance,High Confidence,BBB-,High Confidence,Low Risk,High Confidence,Negative,High Confidence,High Risk,High Confidence,High Risk,Low Confidence
C=C1C[C@@]23CC[C@H]4[C@@](C)(CC[C@@H](OC(=O)/C=C/c5ccccc5)[C@@]4(C)C(=O)O)[C@@H]2CC[C@@H]1C3,57-3α-Cinnamoyloxy-ent-kaur-16-en-19-oic acid.sdf,3.452,6.085,4.922,5.866,-7.733,0.93,18.84,448.26,63.6,,5.53,0.33,6.28,128.18,3,1,4,4,,7,High Permeability,Low Confidence,Low Efflux,High Confidence,High Clearance,Low Confidence,High Clearance,High Confidence,BBB-,Low Confidence,Low Risk,High Confidence,Negative,High Confidence,Low Risk,High Confidence,High Risk,Low Confidence
C=C1C(=O)O[C@H]2[C@H]1[C@@H](OC(=O)/C(C)=C/C)C/C(C)=C\[C@]1(O)C[C@@](C)(OC)[C@@H]2O1,"75-2,5-epoxy-2β-hydroxy-4α-methoxy-8α-[(E)-2-methylbut-2-enoyloxy]-4(15),10(14),11(13)-germacratrien-12,6α-olide .sdf",1.825,1.653,10.116,4.29,-3.052,14.49,42.85,392.18,91.29,,6.18,0.45,2.19,100.05,7,1,3,7,,6,High Permeability,High Confidence,High Efflux,High Confidence,High Clearance,High Confidence,High Clearance,High Confidence,BBB+,High Confidence,Low Risk,High Confidence,Negative,High Confidence,Low Risk,High Confidence,Low Risk,Low Confidence
C[C@@H]1C[C@H]2Cc3[nH]c(=O)ccc3[C@]3(C1)NCCC[C@H]23,5-N-Demethyl-β-obscurine.sdf,0.499,1.821,11.049,9.043,-2.319,13.52,32.36,258.17,44.89,,4.96,0.75,2.17,75.06,2,2,,3,,4,High Permeability,High Confidence,High Efflux,High Confidence,Low Clearance,High Confidence,Low Clearance,High Confidence,BBB+,High Confidence,Low Risk,High Confidence,Negative,High Confidence,Low Risk,High Confidence,Low Risk,Low Confidence
COc1cc(C[C@@H](CO)C(C)(CO)Cc2ccc(O)c(OC)c2)ccc1O,39-Secoisolariciresinol.sdf,1.425,1.75,9.95,5.93,-3.397,6.92,28.12,376.19,99.38,,3.36,0.54,2.51,102.49,6,4,9,6,,2,High Permeability,High Confidence,High Efflux,High Confidence,Low Clearance,High Confidence,High Clearance,High Confidence,BBB+,High Confidence,Low Risk,High Confidence,Negative,High Confidence,High Risk,High Confidence,Low Risk,High Confidence
C=C(C)CC[C@H]1CC23->C(=O)<-C4(CC=C(C)C)C[C@@]1(C)[C@@]2(O)C(C(=O)c1ccc(O)c(O)c1)(C[C@](C)(O)[C@H](CC=C(C)C)C3)C4=O,99-Garmultin E.sdf,,,,,,,,,,,,,,,,,,,,,,,,,,,,,,,,,,,,,,
CC1O[C@@H](O[C@H]2C(O[C@@H]3OC(CO)[C@@H](O)C(O)[C@@H]3O)[C@H](O)C(CO)O[C@H]2O[C@H]2CC[C@@]3(C)C(=CCC4C5C[C@@H]6O[C@]7(CC[C@@H](C)CO7)[C@@H](C)C6[C@@]5(C)CCC43)C2)C(O)[C@@H](O)[C@H]1O,48-Gracillin.sdf,2.477,1.86,9.819,5.055,-5.475,0.26,1.39,884.48,255.91,,6.69,0.15,0.21,214.19,17,9,8,17,,26,Low Permeability,High Confidence,Low Efflux,High Confidence,Low Clearance,Low Confidence,Low Clearance,High Confidence,BBB-,High Confidence,Low Risk,High Confidence,Negative,High Confidence,Low Risk,High Confidence,Low Risk,High Confidence
C=CC(C)(C)c1c(OC)cc(-c2ccccc2)oc1=O,40-4-Methoxy-3-(2-methylbut-3-en-2-yl)-6-phenyl-2H-pyran-2-one.sdf,3.692,4.099,8.868,0.878,-4.304,12.16,30.34,270.13,39.44,,2.59,0.79,3.78,80.19,3,,4,3,,,High Permeability,High Confidence,Low Efflux,High Confidence,High Clearance,High Confidence,High Clearance,High Confidence,BBB+,Low Confidence,Low Risk,High Confidence,Negative,High Confidence,Low Risk,High Confidence,High Risk,High Confidence
CC1O[C@@H](O[C@H]2C(C)O[C@@H](O[C@@H]3C(CO)O[C@@H](O[C@H]4CC[C@@]5(C)C(=CCC6C5CC[C@@]5(C)C6C[C@@H]6O[C@]7(CC[C@@H](C)CO7)[C@@H](C)[C@@]65O)C4)[C@@H](O)C3O)C(O)[C@H]2O)C(O)[C@@H](O)[C@H]1O,50-Pennogenin 3-O-{O-α-L-rhamnopyranosyl-(1→4)-O-α-L-rhamnopyranosyl-(1→4)-β-D-glucopyranoside}.sdf,2.566,2.294,10.072,5.636,-5.899,0.33,1.87,884.48,255.91,,6.79,0.16,0.36,214.24,17,9,7,17,,26,Low Permeability,High Confidence,Low Efflux,High Confidence,High Clearance,Low Confidence,Low Clearance,High Confidence,BBB-,High Confidence,Low Risk,High Confidence,Negative,High Confidence,Low Risk,High Confidence,Low Risk,High Confidence
C=C(C)C(CC=C(C)C)CC1(CC(CC=C(C)C)C(=C)C)C(=O)C(CC=C(C)C)=C(O)c2c1oc1cc(O)c(O)cc1c2=O,100-Garcoblone F.sdf,5.287,7.826,6.792,3.622,-10.335,2.24,10.4,600.35,107.97,1,4.8,0.17,9.53,180.03,6,3,12,6,,2,High Permeability,Low Confidence,High Efflux,High Confidence,Low Clearance,Low Confidence,High Clearance,High Confidence,BBB-,High Confidence,Low Risk,High Confidence,Negative,High Confidence,Low Risk,High Confidence,High Risk,Low Confidence
CC[C@H](CC[C@@H](C)[C@H]1CCC2C3CC=C4C[C@@H](O[C@@H]5OC(CO[C@@H]6OC(CO)[C@@H](O)C(O)[C@@H]6O)[C@@H](O)C(O)[C@@H]5O[C@@H]5OC(CO)[C@@H](O)C(O)[C@@H]5O)CC[C@]4(C)C3CC[C@@]21C)C(C)C,51-Pariposide F.sdf,3.989,3.357,8.833,5.345,-3.202,0.53,2.91,900.54,257.68,,6.08,0.1,1.5,226.12,16,10,15,16,,24,Low Permeability,High Confidence,Low Efflux,High Confidence,Low Clearance,Low Confidence,Low Clearance,Low Confidence,BBB-,High Confidence,Low Risk,High Confidence,Negative,High Confidence,Low Risk,High Confidence,Low Risk,High Confidence
CC1(C)CC[C@]2(C(=O)O)CC[C@]3(C)C(=CC[C@@H]4[C@@]5(C)C[C@@H](O)[C@H](OC(=O)/C=C\c6ccc(O)cc6)[C@@](C)(CO)[C@@H]5CC[C@]43C)[C@@H]2C1,92-3β-O-cis-p-Coumaroylarjunolic acid.sdf,3.718,6.16,7.103,6.417,-7.964,1.08,12.36,634.39,124.29,,5.1,0.15,7.15,176.5,6,4,5,7,,10,High Permeability,High Confidence,Low Efflux,Low Confidence,Low Clearance,Low Confidence,High Clearance,High Confidence,BBB-,High Confidence,Low Risk,High Confidence,Negative,High Confidence,Low Risk,High Confidence,Low Risk,Low Confidence
O=C(OCc1ccc(OC2OC(CO)C(O)C(O)C2O)cc1)c1cc(O)ccc1O,"47-β-D-Glucopyranoside, 4-[[(2,5-dihydroxybenzoyl)oxy]methyl]phenyl.sdf",1.129,0.673,9.17,4.364,-2.204,0.35,7.03,422.12,166.14,,3.53,0.27,-0.37,99.73,10,6,6,10,,5,Low Permeability,High Confidence,Low Efflux,High Confidence,High Clearance,Low Confidence,High Clearance,High Confidence,BBB+,Low Confidence,Low Risk,High Confidence,Positive,High Confidence,Low Risk,High Confidence,Low Risk,High Confidence
CC1(C)CC[C@]2(C(=O)O)CC[C@]3(C)C(=CC[C@@H]4[C@@]5(C)C[C@@H](O)[C@H](OC(=O)/C=C/c6ccc(O)cc6)[C@@](C)(CO)[C@@H]5CC[C@]43C)[C@@H]2C1,91-3β-O-trans-p-Coumaroylarjunolic acid.sdf,3.72,6.162,7.109,6.422,-7.963,1.09,12.33,634.39,124.29,,5.1,0.15,7.15,176.5,6,4,5,7,,10,High Permeability,High Confidence,Low Efflux,Low Confidence,Low Clearance,Low Confidence,High Clearance,High Confidence,BBB-,High Confidence,Low Risk,High Confidence,Negative,High Confidence,Low Risk,High Confidence,Low Risk,Low Confidence
O=C1C=CC[C@@H]2[C@H]3CCCN4CCC[C@@H](CN12)[C@@H]34,111-(-)-Sophocarpine.sdf,-0.394,1.121,9.528,9.241,-2.2,10.14,211.35,246.17,23.55,,4.11,0.65,1.65,70.07,2,,,3,,4,High Permeability,High Confidence,Low Efflux,High Confidence,Low Clearance,High Confidence,Low Clearance,High Confidence,BBB+,High Confidence,Low Risk,High Confidence,Positive,High Confidence,Low Risk,High Confidence,Low Risk,Low Confidence
COc1ccc(-c2cc(=O)c3c(OC)c(OC)c(OC)c(OC)c3o2)cc1,72-Tangeretin.sdf,2.955,3.501,9.447,1.706,-4.705,31.12,27.54,372.12,76.36,,2.37,0.66,3.5,100.68,7,,6,7,,,High Permeability,High Confidence,Low Efflux,High Confidence,High Clearance,High Confidence,High Clearance,Low Confidence,BBB-,High Confidence,Low Risk,High Confidence,Negative,High Confidence,Low Risk,High Confidence,High Risk,Low Confidence
O=C1[C@@H](O)CC[C@H]2N1C[C@@]13CCCN4CCC[C@@]2(O1)[C@]43O,121-sophaloseedlines K.sdf,0.432,-0.46,9.862,8.014,-0.801,7.59,73.28,294.16,73.24,,6.32,0.63,-0.56,72.28,5,2,,6,,5,High Permeability,High Confidence,High Efflux,Low Confidence,Low Clearance,High Confidence,Low Clearance,High Confidence,BBB+,High Confidence,Low Risk,High Confidence,Negative,High Confidence,Low Risk,High Confidence,Low Risk,High Confidence
O=c1c(O)c(-c2ccc(O)c(O)c2)oc2cc(O)cc(O)c12,73-Quercetin.sdf,1.586,1.482,5.539,2.631,-3.411,2.82,86.3,302.04,131.36,1,2.54,0.43,1.99,76.24,7,5,1,7,,,High Permeability,Low Confidence,Low Efflux,High Confidence,High Clearance,High Confidence,High Clearance,High Confidence,BBB-,High Confidence,Low Risk,High Confidence,Positive,High Confidence,Low Risk,High Confidence,High Risk,Low Confidence
C=C1C[C@@]23CC[C@H]4[C@@](C)(CC[C@@H](O)[C@@]4(C)C(=O)O)[C@@H]2CC[C@@H]1C3,"61-(3α,4α)-3-Hydroxykaur-16-en-18-oic acid.sdf",2.003,3.979,4.872,5.975,-4.829,9.42,59.16,318.22,57.53,,5.64,0.72,4.01,88.84,2,2,1,3,,7,High Permeability,High Confidence,Low Efflux,High Confidence,Low Clearance,High Confidence,High Clearance,High Confidence,BBB+,High Confidence,Low Risk,High Confidence,Negative,High Confidence,Low Risk,High Confidence,Low Risk,Low Confidence
C=C1C[C@@]23CC[C@H]4[C@@](C)(CC[C@@H](O)[C@@]4(C)C(=O)O)[C@@H]2CC[C@@H]1C3,"61-(3α,4α)-3-Hydroxykaur-16-en-18-oic acid.sdf",2.003,3.979,4.872,5.975,-4.829,9.42,59.16,318.22,57.53,,5.64,0.72,4.01,88.84,2,2,1,3,,7,High Permeability,High Confidence,Low Efflux,High Confidence,Low Clearance,High Confidence,High Clearance,High Confidence,BBB+,High Confidence,Low Risk,High Confidence,Negative,High Confidence,Low Risk,High Confidence,Low Risk,Low Confidence
O=C1CCC[C@H]2N1C[C@]13CCCN4CCC[C@]2(O1)[C@@]43O,104-Sophaloseedline I.sdf,0.032,0.434,9.849,8.115,-0.874,8.73,72.78,278.16,53.01,,6.03,0.7,0.47,70.89,4,1,,5,,4,High Permeability,High Confidence,Low Efflux,Low Confidence,Low Clearance,High Confidence,Low Clearance,High Confidence,BBB+,High Confidence,Low Risk,High Confidence,Positive,High Confidence,Low Risk,High Confidence,Low Risk,High Confidence
COC(=O)[C@@]12CCCC3=C1[C@H](C[C@@H](C)[C@]31C[C@@H](c3ccoc3)OC1=O)O[C@@H]2O,76-Mallotucin D.sdf,1.73,2.215,9.072,4.174,-3.812,16,53.46,388.15,95.2,,5.48,0.61,2.65,94.58,7,1,2,7,,6,High Permeability,High Confidence,High Efflux,High Confidence,High Clearance,High Confidence,High Clearance,High Confidence,BBB+,High Confidence,Low Risk,High Confidence,Negative,High Confidence,Low Risk,High Confidence,Low Risk,Low Confidence
C[C@@H]1C[C@H]2CC(=O)[C@H]3CCCN4CCC[C@@]2(O)[C@]34C1,6-Obscurumines A.sdf,0.614,1.81,10.775,8.261,-2.296,30.9,116.68,263.19,40.54,,5.62,0.73,1.98,72.72,3,1,,3,,5,High Permeability,High Confidence,Low Efflux,High Confidence,Low Clearance,High Confidence,Low Clearance,High Confidence,BBB+,High Confidence,Low Risk,High Confidence,Negative,High Confidence,Low Risk,High Confidence,Low Risk,Low Confidence
O,6-Obscurumines A.sdf,-0.039,-1.29,11.123,4.669,1.166,54.58,214.78,18.01,31.5,,5.87,0.33,-0.82,3.61,,,,1,,,High Permeability,High Confidence,Low Efflux,High Confidence,Low Clearance,High Confidence,Low Clearance,High Confidence,BBB+,High Confidence,Low Risk,High Confidence,Positive,Low Confidence,Low Risk,High Confidence,Low Risk,High Confidence
O=C1CCC[C@H]2N1C[C@]13CCCN(CCC[C@]2(O)O1)C3=O,116-Sophflarine A.sdf,-0.486,-0.137,10.18,3.728,-1.444,11.48,100.46,294.16,70.08,,5.74,0.69,0.24,73.17,4,1,,6,,4,High Permeability,High Confidence,Low Efflux,Low Confidence,Low Clearance,High Confidence,Low Clearance,High Confidence,BBB+,High Confidence,Low Risk,High Confidence,Negative,High Confidence,Low Risk,High Confidence,Low Risk,High Confidence
O=C1[C@@H](O)CC[C@@H]2[C@H]3CCCN4CCC[C@@H](CN12)[C@@H]34,107-14β-Hydroxymatrine.sdf,-0.527,0.363,10.096,9.261,-1.586,9.73,183.65,264.18,43.78,,4.09,0.71,0.84,71.55,3,1,,4,,5,High Permeability,High Confidence,Low Efflux,Low Confidence,Low Clearance,High Confidence,Low Clearance,High Confidence,BBB+,High Confidence,Low Risk,High Confidence,Negative,High Confidence,Low Risk,High Confidence,Low Risk,High Confidence
O=C1C[C@@H](O)C[C@@H]2[C@H]3CCCN4CCC[C@@H](CN12)[C@@H]34,114-Dihydroalbertine.sdf,-0.818,-0.016,9.767,9.308,-1.827,6.5,259.42,264.18,43.78,,4.03,0.71,0.84,71.55,3,1,,4,,5,High Permeability,High Confidence,High Efflux,Low Confidence,Low Clearance,High Confidence,Low Clearance,High Confidence,BBB+,High Confidence,Low Risk,High Confidence,Negative,High Confidence,Low Risk,High Confidence,Low Risk,High Confidence
O=C1C[C@@H](c2cc(O)cc(O)c2)Oc2cc(OC3OC(CO)C(O)C(O)C3O)ccc21,"26-(2S)-2-(3,5-Dihydroxyphenyl)-7-(β-D-glucopyranosyloxy)-2,3-dihydro-4H-1-benzopyran-4-one.sdf",0.212,-0.27,9.004,3.688,-1.947,0.26,25.59,434.12,166.14,,4.06,0.39,-0.02,102.93,10,6,4,10,,6,Low Permeability,High Confidence,Low Efflux,High Confidence,Low Clearance,Low Confidence,High Clearance,Low Confidence,BBB-,High Confidence,Low Risk,High Confidence,Negative,High Confidence,Low Risk,High Confidence,Low Risk,High Confidence
CC(C)CC(C1=C(O)C(C)(C)C(=O)C(C)(C)C1=O)C1=C(O)C(C)(C)C(=O)C(C)(C)C1=O,56-Watsonianone A.sdf,0.95,4.152,4.556,4.97,-5.366,13.87,148.25,432.25,108.74,,3.61,0.62,4.68,117.41,6,2,4,6,,,High Permeability,High Confidence,High Efflux,Low Confidence,Low Clearance,Low Confidence,Low Clearance,High Confidence,BBB-,High Confidence,Low Risk,High Confidence,Negative,High Confidence,Low Risk,High Confidence,High Risk,Low Confidence
C=C1C[C@@]23CC[C@@H]4[C@](C)(C(=O)O)CCC[C@@]4(C)[C@]2(O)CC[C@@H]1C3,63-Pterokaurane L3.sdf,1.304,3.612,5.573,6.482,-4.069,13.61,79.43,318.22,57.53,,5.91,0.71,4.16,88.91,2,2,1,3,,6,High Permeability,High Confidence,Low Efflux,High Confidence,Low Clearance,High Confidence,High Clearance,High Confidence,BBB-,High Confidence,Low Risk,High Confidence,Negative,High Confidence,Low Risk,High Confidence,Low Risk,Low Confidence
C[C@@H]1C[C@H]2CC3=C(CCC(=O)N3)[C@]3(C1)NCCC[C@H]23,4-N-Demethyl-α-obscurine.sdf,0.468,2.058,11.618,8.846,-2.219,21.78,35.08,260.19,41.13,,5.21,0.7,2.34,74.37,2,2,,3,,4,High Permeability,High Confidence,High Efflux,High Confidence,Low Clearance,High Confidence,Low Clearance,High Confidence,BBB+,High Confidence,Low Risk,High Confidence,Positive,High Confidence,Low Risk,High Confidence,Low Risk,Low Confidence
CC1=C[C@H]2Cc3[nH]c(=O)ccc3[C@]3(C1)NCCC[C@H]23,7-Huperzine B.sdf,0.743,1.675,10.847,8.414,-2.208,13.96,39.17,256.16,44.89,,5,0.7,2.09,75.04,2,2,,3,,3,High Permeability,High Confidence,High Efflux,High Confidence,Low Clearance,High Confidence,Low Clearance,High Confidence,BBB+,High Confidence,Low Risk,High Confidence,Negative,High Confidence,Low Risk,High Confidence,High Risk,Low Confidence
O=c1cccc2n1C[C@@H]1C[C@H]2CN2CCCC[C@@H]12,117-(+)-Anagyrine.sdf,0.348,1.056,10.119,8.658,-1.807,19.86,27.61,244.16,25.24,,4.15,0.7,1.82,70.76,3,,,3,,3,High Permeability,High Confidence,Low Efflux,Low Confidence,Low Clearance,High Confidence,Low Clearance,High Confidence,BBB+,Low Confidence,Low Risk,High Confidence,Negative,High Confidence,Low Risk,High Confidence,High Risk,Low Confidence
COc1cc(C[C@H]2CO[C@H](C)[C@@H]2Cc2ccc(O)c(OC)c2)ccc1O,"38-4,4′-[[(2R,3S,4S)-Tetrahydro-2-methoxy-3,4-furandiyl]bis(methylene)]bis[2-methoxyphenol].sdf",2.321,2.912,9.698,5.963,-4.147,29.44,12.71,358.18,68.15,,3.47,0.83,3.55,99.12,5,2,6,5,,3,High Permeability,High Confidence,High Efflux,High Confidence,Low Clearance,Low Confidence,High Clearance,High Confidence,BBB+,High Confidence,Low Risk,High Confidence,Negative,High Confidence,Low Risk,High Confidence,Low Risk,High Confidence
CC1(C)CC[C@]2(C(=O)O)CC[C@]3(C)C(=CC[C@@H]4[C@@]5(C)CC[C@H](O[C@@H]6OC[C@H](O)C(O)[C@@H]6O)C(C)(C)[C@@H]5CC[C@]43C)[C@@H]2C1,96-Asperosaponin C.sdf,3.237,5.332,4.669,6.253,-9.001,1.4,20.8,588.4,116.45,,5.13,0.25,5.7,159.31,6,4,3,7,,12,High Permeability,High Confidence,Low Efflux,High Confidence,Low Clearance,Low Confidence,Low Clearance,Low Confidence,BBB-,High Confidence,Low Risk,High Confidence,Negative,High Confidence,Low Risk,High Confidence,High Risk,Low Confidence
COc1ccc(C(=O)CCNC(C)=O)c(N)c1,80-Pegaharoline A.sdf,0.87,0.845,10.877,2.889,-1.148,25.59,50.12,236.12,81.42,,1.99,0.59,0.99,65.04,4,2,5,5,,,High Permeability,High Confidence,Low Efflux,High Confidence,Low Clearance,High Confidence,Low Clearance,High Confidence,BBB+,High Confidence,Low Risk,High Confidence,Positive,Low Confidence,Low Risk,High Confidence,Low Risk,Low Confidence
CC[C@H](/C=C/[C@@H](C)[C@H]1CCC2=C3C=CC4=CC(=O)CC[C@]4(C)[C@H]3CC[C@@]21C)C(C)C,"17-(22E)-Stigmasta-4,6,8(14),22-tetraen-3-one.sdf",5.964,7.373,10.554,3.854,-7.022,13.09,11.48,406.32,17.07,,4.9,0.42,7.85,127.08,1,,5,1,,6,High Permeability,High Confidence,Low Efflux,High Confidence,High Clearance,High Confidence,High Clearance,High Confidence,BBB-,Low Confidence,Low Risk,High Confidence,Negative,High Confidence,Low Risk,High Confidence,Low Risk,Low Confidence
CC(O)Cc1ccc2c(n1)C[C@@H]1C[C@@H](C)C[C@@]23[C@@H]1CCCN3C,3-N-methylhydroxypropyllycodine.sdf,1.128,2.958,9.531,8.289,-2.731,29.79,27.23,314.24,36.36,,5.19,0.91,3.14,92.25,3,1,2,3,,5,High Permeability,High Confidence,High Efflux,High Confidence,Low Clearance,High Confidence,Low Clearance,High Confidence,BBB+,High Confidence,Low Risk,High Confidence,Negative,High Confidence,Low Risk,High Confidence,High Risk,Low Confidence
C[C@H]1C(=O)CCC2[C@@]3(C)C(CC[C@@]21C)[C@@]1(C)CC[C@@]2(C)CCC(C)(C)CC2[C@]1(C)C[C@H]3O,36-3-Oxo-11β-hydroxyfriedelane.sdf,6.433,6.907,11.701,6.395,-9.775,4.63,15.14,442.38,37.3,,4.97,0.42,7.43,131.13,2,1,,2,,10,High Permeability,High Confidence,Low Efflux,High Confidence,High Clearance,Low Confidence,High Clearance,High Confidence,BBB+,High Confidence,Low Risk,High Confidence,Negative,High Confidence,Low Risk,High Confidence,Low Risk,High Confidence
C[C@@H]1C[C@H]2CC(=O)[C@@H]3C[C@H]2[C@H](C1)N(C)C3,1-Luciduline.sdf,0.93,1.73,11.357,8.845,-1.429,38.73,74.64,207.16,20.31,,5.07,0.6,1.94,59.53,2,,,2,,5,High Permeability,High Confidence,Low Efflux,High Confidence,High Clearance,Low Confidence,Low Clearance,High Confidence,BBB+,High Confidence,Low Risk,High Confidence,Negative,High Confidence,Low Risk,High Confidence,Low Risk,Low Confidence
C=C1C[C@@]23CC[C@H]4[C@@](C)(CCC[C@@]4(C)C(=O)O)[C@@H]2CC[C@@H]1C3,62-Kaurenoic acid.sdf,2.761,4.904,5.889,6.686,-6.119,7.78,50.93,302.22,37.3,,5.47,0.69,5.04,87.45,1,1,1,2,,6,High Permeability,High Confidence,Low Efflux,High Confidence,Low Clearance,Low Confidence,High Clearance,High Confidence,BBB+,High Confidence,Low Risk,High Confidence,Negative,High Confidence,Low Risk,High Confidence,High Risk,Low Confidence
COc1cc2c3c(c1OC)-c1cc4c(cc1C[C@@H]3NCC2)OCO4,34-Nornantenine.sdf,1.345,2.429,11.65,8.889,-4.176,21.09,12.97,325.13,48.95,,3.16,0.92,2.84,89.26,5,1,2,5,,1,High Permeability,High Confidence,Low Efflux,High Confidence,Low Clearance,High Confidence,High Clearance,Low Confidence,BBB+,High Confidence,High Risk,High Confidence,Positive,High Confidence,Low Risk,High Confidence,Low Risk,Low Confidence
C=C1C[C@@]23CC[C@@H]4[C@](C)(C(=O)O)[C@H](OC(=O)/C(C)=C\C)CC[C@@]4(C)[C@]2(O)CC[C@@H]1C3,82-12α-hydroxygrandiflorenic acid .sdf,1.838,4.297,4.744,5.511,-5.443,7.36,56.23,416.26,83.83,,6.16,0.4,4.64,113.6,4,2,3,5,,7,High Permeability,High Confidence,High Efflux,Low Confidence,Low Clearance,High Confidence,High Clearance,High Confidence,BBB-,High Confidence,Low Risk,High Confidence,Negative,High Confidence,Low Risk,High Confidence,Low Risk,Low Confidence
C/C=C(\C)C(=O)OC[C@]1(O)[C@H]2C[C@H]2[C@]2(C)[C@@H]3C[C@@]4(O)C5=C(C6=C(C)C(=O)O[C@]6(O)[C@H](O)[C@@]5(C)[C@@H]5C[C@@H]54)[C@@]34OC(=O)C(COC(C)=O)=C4C[C@@H]12,23-Sarcandrolide D.sdf,2.127,1.629,9.022,4.116,-3.914,3.85,16.29,678.27,186.12,,6.89,0.19,1.7,165.17,12,4,5,12,,13,High Permeability,High Confidence,High Efflux,Low Confidence,High Clearance,High Confidence,High Clearance,Low Confidence,BBB-,High Confidence,Low Risk,High Confidence,Positive,Low Confidence,High Risk,High Confidence,Low Risk,Low Confidence
O=C1CCCC2=C3CCCN4CCC[C@@H](CN12)[C@@H]34,"108-(+)-7,11-Dehydromatrine.sdf",-0.448,1.301,9.552,8.785,-2.122,24.89,100,246.17,23.55,,3.72,0.65,2.14,69.91,2,,,3,,2,High Permeability,High Confidence,Low Efflux,High Confidence,Low Clearance,High Confidence,Low Clearance,High Confidence,BBB+,High Confidence,Low Risk,High Confidence,Positive,High Confidence,Low Risk,High Confidence,Low Risk,Low Confidence
COC(=O)[C@]1(C)CCC=C2C1=CC[C@@H](C)[C@]2(C)CC(=O)c1ccoc1,122-Crassifolin C.sdf,3.756,4.25,10.897,4.358,-5.275,13,15.78,342.18,56.51,,4.46,0.59,4.72,95.07,4,,4,4,,3,High Permeability,High Confidence,Low Efflux,High Confidence,High Clearance,High Confidence,High Clearance,High Confidence,BBB+,High Confidence,Low Risk,High Confidence,Negative,High Confidence,Low Risk,High Confidence,Low Risk,Low Confidence
O=C1C[C@H]2[C@@H]3[C@H](CCCN13)CN1C(=O)C=CC[C@H]21,112-K-48.sdf,-0.053,0.198,10.124,3.28,-1.788,13.8,120.5,246.14,40.62,,4.37,0.63,0.78,65.59,2,,,4,,4,High Permeability,High Confidence,Low Efflux,High Confidence,Low Clearance,High Confidence,Low Clearance,High Confidence,BBB+,High Confidence,Low Risk,High Confidence,Negative,High Confidence,Low Risk,High Confidence,Low Risk,High Confidence
C[C@@H]1CCC2=C(C[C@H]3C[C@]2(C)C(=O)O3)[C@@]1(C)CC(=O)c1ccoc1,"127-1,4-methano-3-benzoxepin-2(1H)-one.sdf",2.629,3.115,10.737,3.614,-4.771,24.04,14.52,328.17,56.51,,5.43,0.47,4.31,88.41,4,,3,4,,4,High Permeability,High Confidence,Low Efflux,High Confidence,High Clearance,High Confidence,High Clearance,High Confidence,BBB+,High Confidence,Low Risk,High Confidence,Negative,High Confidence,Low Risk,High Confidence,Low Risk,Low Confidence
CC1=CCC[C@@]2(C)C(=O)c3occ(C)c3C[C@H]12,"21- 3,4,8a-trimethyl-4a,7,8,8a-tetrahydro- 4a-naphto[2,3-b]furan-9-one.sdf",3.97,4.035,9.675,3.3,-4.806,25.47,28.51,230.13,30.21,,4.16,0.64,3.69,66.07,2,,,2,,2,High Permeability,High Confidence,Low Efflux,High Confidence,High Clearance,High Confidence,High Clearance,High Confidence,BBB+,High Confidence,Low Risk,High Confidence,Negative,High Confidence,Low Risk,High Confidence,Low Risk,Low Confidence
CC(C)=CC[C@H]1C[C@@]23C[C@@H](CC=C(C)C)C(C)(C)[C@@](CC=C(C)C)(C(=O)C(C(=O)c4ccc(O)c(O)c4)=C2OC1(C)C)C3=O,101-Isogarcinol.sdf,5.678,7.61,7.859,4.899,-10.432,2.47,13.68,602.36,100.9,1,6.12,0.1,8.59,173.31,6,2,8,6,,4,High Permeability,Low Confidence,High Efflux,High Confidence,High Clearance,Low Confidence,High Clearance,High Confidence,BBB-,High Confidence,Low Risk,High Confidence,Negative,High Confidence,High Risk,High Confidence,Low Risk,Low Confidence
CC(C)=CCC1(CC=C(C)C)C(=O)[C@]2(C[C@H]3[C@@H](CC[C@@]3(C)O)[C@](C)(O)C2)C(=O)C(C(=O)C(C)C)=C1O,44-Tomoeone B.sdf,1.924,4.705,4.945,4.562,-7.131,11.94,70.15,500.31,111.9,,5.49,0.26,5.18,139.17,6,3,6,6,,5,High Permeability,High Confidence,High Efflux,High Confidence,High Clearance,High Confidence,Low Clearance,High Confidence,BBB-,High Confidence,Low Risk,High Confidence,Negative,High Confidence,High Risk,High Confidence,High Risk,Low Confidence
COc1cc(O)c2c(=O)c3ccc(O)c(O)c3oc2c1,"41-1,5,6-Trihydroxy-3-methoxyxanthone.sdf",2.364,2.513,6.76,3.065,-3.118,15.03,54.7,274.05,100.13,1,2.4,0.46,2.07,71.54,6,3,1,6,,,High Permeability,High Confidence,Low Efflux,High Confidence,Low Clearance,High Confidence,High Clearance,High Confidence,BBB-,High Confidence,Low Risk,High Confidence,Positive,High Confidence,Low Risk,High Confidence,High Risk,Low Confidence
O=c1c(O)c(-c2ccc(O)cc2)oc2cc(O)cc(O)c12,67-Kaempferol.sdf,2.549,1.919,5.632,2.058,-3.225,5.71,100.93,286.05,111.13,,2.37,0.55,2.28,74.58,6,4,1,6,,,High Permeability,High Confidence,Low Efflux,High Confidence,High Clearance,High Confidence,High Clearance,High Confidence,BBB-,High Confidence,Low Risk,High Confidence,Positive,High Confidence,Low Risk,High Confidence,High Risk,High Confidence
C[C@@H]1[C@H]2CN(C)C[C@@H](C)[C@H]2C[C@@H]1O,"32-4S,4aR,6S,7R,7aS)-Octahydro-2,4,7-trimethyl-1H-cyclopenta[c]pyridin-6-ol.sdf",0.284,1.344,9.948,9.536,-0.699,21.33,116.68,183.16,23.47,,4.24,0.61,1.2,53.43,2,1,,2,,5,High Permeability,High Confidence,Low Efflux,High Confidence,Low Clearance,High Confidence,Low Clearance,High Confidence,BBB+,High Confidence,Low Risk,High Confidence,Negative,High Confidence,Low Risk,High Confidence,Low Risk,High Confidence
COC(=O)[C@]12CCCC3=C1[C@@H](C[C@H](C)[C@@]31C[C@H](c3ccoc3)CC1=O)OC2,123-crassifolin D.sdf,3.211,3.231,11.183,4.148,-4.492,14.83,35.32,370.18,65.74,,5.38,0.59,3.79,96.97,5,,2,5,,5,High Permeability,High Confidence,Low Efflux,High Confidence,High Clearance,High Confidence,High Clearance,High Confidence,BBB+,High Confidence,Low Risk,High Confidence,Negative,High Confidence,Low Risk,High Confidence,Low Risk,High Confidence
O=c1cc(-c2ccc(O)cc2)oc2cc(O)cc(O)c12,69-Apigenin.sdf,3.196,2.974,5.9,1.237,-3.818,9.68,44.26,270.05,90.9,,2.25,0.63,2.58,72.91,5,3,1,5,,,High Permeability,High Confidence,Low Efflux,High Confidence,High Clearance,High Confidence,High Clearance,High Confidence,BBB-,High Confidence,Low Risk,High Confidence,Negative,High Confidence,Low Risk,High Confidence,High Risk,High Confidence
COC(=O)C1=C2CCOC3=C2[C@]2(O)[C@@]14N1CC(C)C(=O)[C@@]4(O)CC(=O)[C@]2(C)[C@H](CC3)C1,74-Dcalycinumine A.sdf,0.925,0.833,8.672,6.294,-1.892,12.65,117.76,429.18,113.37,,6.9,0.57,0.27,105.47,8,2,1,8,,6,High Permeability,High Confidence,High Efflux,High Confidence,Low Clearance,High Confidence,Low Clearance,High Confidence,BBB-,Low Confidence,Low Risk,High Confidence,Positive,Low Confidence,Low Risk,High Confidence,Low Risk,Low Confidence
CC(C)[C@H]1CC[C@@H](C)[C@]12C=C[C@@](O)(CO)[C@@H](O)C2,20-Trichoacorenol C.sdf,2.889,2.768,10.922,5.692,-3.204,20.42,46.13,254.19,60.69,,5.18,0.66,1.72,70.96,3,3,2,3,,5,High Permeability,High Confidence,Low Efflux,High Confidence,Low Clearance,Low Confidence,High Clearance,High Confidence,BBB+,High Confidence,Low Risk,High Confidence,Negative,High Confidence,Low Risk,High Confidence,Low Risk,High Confidence
O=C(O)/C=C/c1ccc(O)cc1,97-p-Coumaric acid.sdf,1.388,1.643,4.23,1.497,-1.624,12.85,103.51,164.05,57.53,,1.78,0.65,1.49,44.78,2,2,2,3,,,High Permeability,High Confidence,Low Efflux,High Confidence,Low Clearance,High Confidence,High Clearance,High Confidence,BBB+,Low Confidence,Low Risk,High Confidence,Negative,High Confidence,Low Risk,High Confidence,High Risk,Low Confidence
COC(=O)[C@@]1(C)CC(=O)C2=C3[C@@](C)(C=C2c2ccoc2)[C@H](C)CC[C@]31O,132-Crassifoliusin A.sdf,2.758,3.044,10.058,3.51,-4.254,27.48,68.71,356.16,76.74,,4.77,0.82,3.29,94.91,5,1,2,5,,4,High Permeability,High Confidence,Low Efflux,High Confidence,High Clearance,High Confidence,High Clearance,High Confidence,BBB+,High Confidence,Low Risk,High Confidence,Positive,High Confidence,Low Risk,High Confidence,Low Risk,Low Confidence
COc1cc(C2C(C(=O)O[C@@H]3C[C@@H]4[C@@H](CNC[C@@H]4C)[C@@H]3C)C(c3ccc(O)c(OC)c3)C2C(=O)O[C@@H]2C[C@@H]3[C@@H](CN(C)C[C@@H]3C)[C@@H]2C)ccc1O,33-Incarvillateine.sdf,1.457,4.773,9.656,9.335,0.736,0.17,7,704.4,126.79,,5.49,0.31,5.42,191.76,10,3,8,10,,12,Low Permeability,High Confidence,High Efflux,High Confidence,High Clearance,Low Confidence,High Clearance,High Confidence,BBB+,High Confidence,High Risk,High Confidence,Negative,High Confidence,Low Risk,High Confidence,Low Risk,High Confidence
COc1ccc2c(c1)NC(=O)C2(CCNC(C)=O)C1(CCNC(C)=O)C(=O)Nc2cc(OC)ccc21,84-(±)-peganumalines A.sdf,0.811,1.459,11.2,3.109,1.125,0.16,23.66,494.22,134.86,,3.87,0.42,1.84,133.2,6,4,9,10,,2,Low Permeability,High Confidence,High Efflux,Low Confidence,Low Clearance,High Confidence,Low Clearance,High Confidence,BBB+,High Confidence,Low Risk,High Confidence,Negative,High Confidence,Low Risk,High Confidence,Low Risk,High Confidence
C=C(C)C(=O)O[C@H]1CC2=C[C@@H](C/C(C)=C/[C@H]3OC(=O)C(=C)[C@H]13)OC2=O,68-deoxyelephantopin.sdf,1.415,1.25,9.723,4.31,-2.827,18.49,40.93,344.13,78.9,,5.83,0.33,2.16,88.16,6,,2,6,,4,High Permeability,High Confidence,Low Efflux,High Confidence,Low Clearance,Low Confidence,High Clearance,High Confidence,BBB-,Low Confidence,Low Risk,High Confidence,Negative,Low Confidence,Low Risk,High Confidence,Low Risk,Low Confidence
CCOC(=O)[C@H]1C[C@H]2CC[C@H](C)C[C@H]2N(C)C1=O,2-Serratinine E.sdf,2.037,2.585,10.983,6.819,-2.612,32.89,68.87,253.17,46.61,,3.77,0.56,1.83,67.8,3,,2,4,,4,High Permeability,High Confidence,Low Efflux,High Confidence,High Clearance,High Confidence,High Clearance,High Confidence,BBB+,High Confidence,Low Risk,High Confidence,Negative,High Confidence,Low Risk,High Confidence,Low Risk,High Confidence
O=C1CCC[C@H]2N1C[C@@]13CCCN4CCC[C@@]2(O1)[C@]43O,115-sophtonkine C.sdf,0.109,0.397,9.856,8.037,-0.924,10.05,57.81,278.16,53.01,,6.03,0.7,0.47,70.89,4,1,,5,,4,High Permeability,High Confidence,High Efflux,Low Confidence,Low Clearance,High Confidence,Low Clearance,High Confidence,BBB+,High Confidence,Low Risk,High Confidence,Positive,Low Confidence,Low Risk,High Confidence,Low Risk,High Confidence
C[C@H]1C[C@@]23[C@@H]4CCCN2CCC[C@@H]3[C@H](CC4=O)[C@@H]1O,8-Clavonoline.sdf,0.787,1.309,10.515,8.371,-1.822,26.73,56.36,263.19,40.54,,5.64,0.72,1.84,72.65,3,1,,3,,6,High Permeability,High Confidence,Low Efflux,High Confidence,Low Clearance,High Confidence,Low Clearance,High Confidence,BBB+,High Confidence,Low Risk,High Confidence,Positive,High Confidence,Low Risk,High Confidence,Low Risk,Low Confidence
C[C@H]1[C@H]2C3=CC(=O)[C@@H]4[C@@]5(C)CCC(=O)C(C)(C)[C@@H]5CC[C@@]4(C)[C@]3(C)CC[C@@]2(C)[C@@H](O)C[C@@H]1C,37-QJT-15.sdf,4.121,5.158,10.787,3.653,-9.426,10.16,29.31,454.34,54.37,,4.93,0.46,6.38,131.43,3,1,,3,,10,High Permeability,High Confidence,High Efflux,High Confidence,High Clearance,High Confidence,High Clearance,High Confidence,BBB+,High Confidence,Low Risk,High Confidence,Negative,High Confidence,Low Risk,High Confidence,Low Risk,Low Confidence
CC1=C(C[C@H]2OC(=O)[C@H](C)CC/C=C\2C)C(=O)OC1,22-Chlorantolide A.sdf,1.597,2.106,9.038,4.465,-2.76,38.73,37.5,264.14,52.6,,4.29,0.57,2.54,70.31,4,,2,4,,2,High Permeability,High Confidence,Low Efflux,High Confidence,Low Clearance,Low Confidence,High Clearance,High Confidence,BBB+,Low Confidence,Low Risk,High Confidence,Negative,High Confidence,Low Risk,High Confidence,Low Risk,Low Confidence
COc1ccc([C@@H]2CC(=O)c3c(O)cc(O[C@@H]4O[C@H](CO[C@@H]5O[C@@H](C)[C@H](O)[C@@H](O)[C@H]5O)[C@@H](O)[C@H](O)[C@H]4O)cc3O2)cc1O,71-hesperidin.sdf,-0.179,-0.5,8.826,4.487,-2.523,0.23,8.97,610.19,234.29,,4.82,0.18,-1.16,140.7,15,8,7,15,,11,Low Permeability,High Confidence,Low Efflux,High Confidence,Low Clearance,High Confidence,Low Clearance,High Confidence,BBB-,High Confidence,Low Risk,High Confidence,Negative,High Confidence,Low Risk,High Confidence,Low Risk,High Confidence
C=C1C[C@@]23CC[C@@H]4[C@](C)(C(=O)O)[C@H](OC(=O)/C=C/c5ccccc5)CC[C@@]4(C)[C@]2(O)CC[C@@H]1C3,46-3α-Cinnnamoyloxy-9β-hydroxy-ent-kaur-16-en-19-oic acid.sdf,2.476,5.215,4.771,6.051,-6.581,1.79,26.73,464.26,83.83,,5.84,0.35,5.39,129.64,4,2,4,5,,7,High Permeability,High Confidence,Low Efflux,High Confidence,Low Clearance,Low Confidence,High Clearance,High Confidence,BBB-,High Confidence,Low Risk,High Confidence,Negative,High Confidence,Low Risk,High Confidence,Low Risk,Low Confidence
O=C1CCC[C@@H]2[C@H]3CCCN4CCC[C@H](CN12)[C@@H]34,110-(-)-Sophoridine.sdf,-0.63,1.161,9.808,9.462,-2.261,15.7,126.47,248.19,23.55,,3.71,0.65,1.87,70.16,2,,,3,,4,High Permeability,High Confidence,Low Efflux,High Confidence,Low Clearance,High Confidence,Low Clearance,High Confidence,BBB+,High Confidence,Low Risk,High Confidence,Negative,Low Confidence,Low Risk,High Confidence,Low Risk,High Confidence
CC(C)=CCC1(CC=C(C)C)C(=O)C(C(=O)c2ccccc2)=C2O[C@@]3(C)C[C@@]2(C[C@H]2[C@H]3CC[C@@]2(C)O)C1=O,43-Hypercohone G.sdf,3.918,6.275,6.54,4.333,-8.15,5.79,16.9,516.29,80.67,,6.02,0.21,6.32,146.34,5,1,6,5,,5,High Permeability,High Confidence,High Efflux,High Confidence,High Clearance,High Confidence,High Clearance,High Confidence,BBB-,High Confidence,Low Risk,High Confidence,Negative,High Confidence,High Risk,High Confidence,Low Risk,Low Confidence
COC(=O)[C@@]1(C)CC(=O)C=C2[C@@](C)(CC(=O)c3ccoc3)[C@H](C)CC[C@]21O,126-Chettaphanin I.sdf,1.706,2.257,8.901,2.792,-3.623,21.53,69.02,374.17,93.81,,4.57,0.64,3.1,96.94,6,1,4,6,,4,High Permeability,High Confidence,High Efflux,High Confidence,High Clearance,High Confidence,High Clearance,High Confidence,BBB+,High Confidence,Low Risk,High Confidence,Positive,High Confidence,Low Risk,High Confidence,Low Risk,Low Confidence
C=C1C[C@]2(O)c3c(oc4cc(O)c(O)cc4c3=O)[C@]3(CC=C(C)C)C(=O)[C@@]2(C[C@H]1CC=C(C)C)C[C@H](CC=C(C)C)C3(C)C,31-Guttiferone E.sdf,5.418,7.371,7.605,3.968,-10.107,1.85,12.76,600.35,107.97,1,6.46,0.23,8.28,174.72,6,3,6,6,,5,High Permeability,High Confidence,High Efflux,High Confidence,Low Clearance,Low Confidence,High Clearance,High Confidence,BBB-,High Confidence,Low Risk,High Confidence,Negative,High Confidence,Low Risk,High Confidence,High Risk,Low Confidence
C=C1C[C@]2(O)c3c(oc4cc(O)c(O)cc4c3=O)[C@]3(CC=C(C)C)C(=O)[C@@]2(C[C@H]1CC=C(C)C)C[C@H](CC=C(C)C)C3(C)C,31-Guttiferone E.sdf,5.418,7.371,7.605,3.968,-10.107,1.85,12.76,600.35,107.97,1,6.46,0.23,8.28,174.72,6,3,6,6,,5,High Permeability,High Confidence,High Efflux,High Confidence,Low Clearance,Low Confidence,High Clearance,High Confidence,BBB-,High Confidence,Low Risk,High Confidence,Negative,High Confidence,Low Risk,High Confidence,High Risk,Low Confidence
C=C1[C@H]2C[C@H]2[C@]2(C)[C@@H]3C[C@@]4(O)C5=C(C6=C(C)C(=O)O[C@]6(O)[C@H](O)[C@@]5(C)[C@@H]5C[C@@H]54)[C@@]34OC(=O)C(C)=C4C[C@@H]12,18-Chlojapolide G.sdf,2.678,2.281,9.051,4.265,-4.194,7.93,16.03,504.21,113.29,,6.71,0.34,2.47,128.01,7,3,,7,,12,High Permeability,High Confidence,High Efflux,High Confidence,High Clearance,Low Confidence,Low Clearance,High Confidence,BBB-,High Confidence,Low Risk,High Confidence,Negative,High Confidence,High Risk,High Confidence,Low Risk,Low Confidence
O=C1CCC[C@@H]2[C@@H](O)CCCN3CCC[C@](O)(CN12)C3=O,120-Sophaloseedline E.sdf,-0.943,-0.549,10.38,4.165,-1.333,6.65,141.25,296.17,81.08,,5.05,0.65,-0.12,75.36,4,2,,6,,4,High Permeability,High Confidence,Low Efflux,High Confidence,Low Clearance,High Confidence,Low Clearance,High Confidence,BBB+,High Confidence,Low Risk,High Confidence,Negative,High Confidence,Low Risk,High Confidence,Low Risk,High Confidence
COc1ccc(-c2cc(=O)c3c(OC)c(OC)c(OC)c(OC)c3o2)cc1OC,54-Nobiletin.sdf,2.62,3.246,9.772,1.977,-4.302,34.28,36.64,402.13,85.59,,2.45,0.59,3.51,107.23,8,,7,8,,,High Permeability,High Confidence,High Efflux,High Confidence,High Clearance,Low Confidence,Low Clearance,High Confidence,BBB-,High Confidence,Low Risk,High Confidence,Negative,High Confidence,Low Risk,High Confidence,High Risk,Low Confidence
COc1ccc(C(=O)CCNC(C)=O)c(NC2(CCNC(C)=O)C(=O)Nc3cc(OC)ccc32)c1,81-Peganumione A.sdf,1.49,2.013,11.268,3.015,1.577,0.3,18.92,482.22,134.86,,3.32,0.36,2.2,130.85,7,4,11,10,,1,Low Permeability,Low Confidence,High Efflux,High Confidence,Low Clearance,Low Confidence,Low Clearance,High Confidence,BBB-,Low Confidence,Low Risk,High Confidence,Negative,High Confidence,Low Risk,High Confidence,Low Risk,High Confidence
C=C1CC[C@H]2[C@@](C)(CCC[C@]2(C)C(=O)O)[C@@H]1CC1CC2(CC=C1C)C(=O)C(C(C)=O)=C(O)C(C)(C)C2=O,15-DAR-26.sdf,2.373,5.044,4.377,5.152,-8.068,6.93,98.4,510.3,108.74,,5.56,0.27,6.16,140.72,5,2,4,6,,6,High Permeability,High Confidence,High Efflux,High Confidence,Low Clearance,Low Confidence,Low Clearance,High Confidence,BBB-,High Confidence,Low Risk,High Confidence,Negative,High Confidence,Low Risk,High Confidence,High Risk,Low Confidence
C=C(C)[C@@H](CC=C(C)C)C[C@]12C[C@@H](CC=C(C)C)C(C)(C)[C@](CC=C(C)C)(C1=O)c1oc3cc(O)c(O)cc3c(=O)c1C2=O,30-Garcinol.sdf,5.867,7.817,7.274,3.932,-11.327,0.92,11.72,600.35,104.81,1,5.72,0.17,8.89,176.22,6,2,9,6,,4,Low Permeability,Low Confidence,High Efflux,High Confidence,High Clearance,Low Confidence,High Clearance,High Confidence,BBB-,High Confidence,Low Risk,High Confidence,Negative,High Confidence,Low Risk,High Confidence,High Risk,Low Confidence
C=C(C)[C@@H](CC=C(C)C)C[C@]12C[C@@H](CC=C(C)C)C(C)(C)[C@](CC=C(C)C)(C1=O)c1oc3cc(O)c(O)cc3c(=O)c1C2=O,30-Garcinol.sdf,5.867,7.817,7.274,3.932,-11.327,0.92,11.72,600.35,104.81,1,5.72,0.17,8.89,176.22,6,2,9,6,,4,Low Permeability,Low Confidence,High Efflux,High Confidence,High Clearance,Low Confidence,High Clearance,High Confidence,BBB-,High Confidence,Low Risk,High Confidence,Negative,High Confidence,Low Risk,High Confidence,High Risk,Low Confidence
O=c1c(-c2ccc(O)cc2)coc2c([C@@H]3O[C@H](CO)[C@@H](O)[C@H](O)[C@H]3O)c(O)ccc12,66-Puerarin.sdf,-0.97,0.732,6.846,3.798,-0.805,0.73,64.12,416.11,160.82,,3.86,0.35,0.39,103.97,9,6,3,9,,5,Low Permeability,High Confidence,Low Efflux,High Confidence,Low Clearance,High Confidence,High Clearance,Low Confidence,BBB-,Low Confidence,Low Risk,High Confidence,Positive,High Confidence,Low Risk,High Confidence,Low Risk,Low Confidence
COC(=O)[C@]1(CO)CCCC2=C1CC[C@@H](C)[C@]21C[C@@H](c2ccoc2)OC1=O,130-Crassifolin L.sdf,2.334,2.827,10.641,3.897,-4.09,22.08,37.07,374.17,85.97,,5.06,0.65,3.32,95.4,6,1,3,6,,4,High Permeability,High Confidence,High Efflux,High Confidence,High Clearance,High Confidence,High Clearance,High Confidence,BBB+,High Confidence,Low Risk,High Confidence,Negative,High Confidence,Low Risk,High Confidence,Low Risk,Low Confidence
CC1(C)CC[C@]2(C(=O)O)CC[C@]3(C)C(=CC[C@@H]4[C@@]5(C)CC[C@H](O)[C@@](C)(CO)[C@@H]5CC[C@]43C)[C@@H]2C1,93-Hederagenin.sdf,2.819,5.955,5.442,6.191,-9.326,3.05,52.36,472.36,77.76,,4.75,0.42,6.21,134.09,3,3,2,4,,9,High Permeability,High Confidence,Low Efflux,Low Confidence,Low Clearance,Low Confidence,Low Clearance,High Confidence,BBB-,High Confidence,Low Risk,High Confidence,Negative,High Confidence,Low Risk,High Confidence,High Risk,Low Confidence
C[C@@H]1C[C@@H](O)C2=C(C[C@H]3C[C@]2(C)C(=O)O3)[C@@]12C[C@@H](c1ccoc1)OC2=O,124-crassifolin E.sdf,1.149,1.581,9.601,3.496,-3.469,14.16,48.08,358.14,85.97,,6.27,0.61,2.68,88.63,6,1,1,6,,6,High Permeability,High Confidence,High Efflux,High Confidence,Low Clearance,High Confidence,High Clearance,Low Confidence,BBB+,High Confidence,Low Risk,High Confidence,Negative,High Confidence,Low Risk,High Confidence,Low Risk,Low Confidence
CC1(C)CC[C@]2(C(=O)O)CC[C@]3(C)C(=C2C1)C=C[C@@H]1[C@@]2(C)C[C@@H](O)[C@H](O)[C@@](C)(CO)[C@@H]2CC[C@]13C,95-Dehydroarjunolic acid.sdf,2.243,4.909,5.062,6.824,-8.297,4.7,48.31,486.33,97.99,,5.14,0.44,5.1,135.46,4,4,2,5,,9,High Permeability,High Confidence,High Efflux,High Confidence,Low Clearance,Low Confidence,Low Clearance,Low Confidence,BBB+,High Confidence,Low Risk,High Confidence,Negative,High Confidence,Low Risk,High Confidence,High Risk,Low Confidence
OC[C@@H]1C[C@H]2Cc3ncccc3[C@]3(C1)NCCC[C@H]23,9-16-Hydroxylycodine.sdf,0.172,1.029,10.533,8.588,-1.203,15.92,47.32,258.17,45.15,,4.93,0.81,1.85,73.65,3,2,1,3,,4,High Permeability,High Confidence,High Efflux,High Confidence,Low Clearance,High Confidence,Low Clearance,High Confidence,BBB+,High Confidence,Low Risk,High Confidence,Negative,High Confidence,Low Risk,High Confidence,Low Risk,Low Confidence
O=C1CCC[C@@H]2[C@H]3CCCN4CCC[C@@H](CN12)[C@@H]34,105-Matrine.sdf,-0.632,1.145,9.743,9.51,-2.278,16.22,111.43,248.19,23.55,,3.71,0.65,1.87,70.16,2,,,3,,4,High Permeability,High Confidence,Low Efflux,Low Confidence,Low Clearance,High Confidence,Low Clearance,High Confidence,BBB+,High Confidence,Low Risk,High Confidence,Negative,High Confidence,Low Risk,High Confidence,Low Risk,High Confidence
C=C1CC[C@H]2[C@@](C)(CCC[C@]2(C)C(=O)O)[C@@H]1CC=C(C)C1CCc2c(cc(O)c(C(=O)CCC)c2O)O1,13-DAR-12.sdf,4.427,6.474,7.593,4.83,-9.36,2.87,17.58,510.3,104.06,,4.67,0.27,6.97,143.18,5,3,7,6,,5,High Permeability,High Confidence,High Efflux,High Confidence,Low Clearance,Low Confidence,High Clearance,High Confidence,BBB-,High Confidence,Low Risk,High Confidence,Negative,High Confidence,Low Risk,High Confidence,Low Risk,Low Confidence
CCCCC1=C([C@@H]2C=C(c3ccoc3)OC2=O)C[C@H]2C[C@]1(C)C(=O)O2,128-crassifolin J.sdf,2.535,3.371,8.501,4.586,-4.498,24.55,19.36,342.15,65.74,,5.37,0.6,4.01,90.04,5,,5,5,,3,High Permeability,High Confidence,Low Efflux,High Confidence,High Clearance,High Confidence,High Clearance,High Confidence,BBB+,High Confidence,Low Risk,High Confidence,Negative,High Confidence,Low Risk,High Confidence,Low Risk,Low Confidence
CC(C)CC(=O)c1c(O)cc(O)cc1OC1OC(CO)C(O)C(O)C1O,87-Lysidiciside A.sdf,0.609,0.337,6.615,3.875,-2.166,0.81,58.34,372.14,156.91,,3.86,0.36,-0.49,87.95,9,6,6,9,,5,Low Permeability,High Confidence,Low Efflux,High Confidence,Low Clearance,High Confidence,High Clearance,Low Confidence,BBB-,High Confidence,Low Risk,High Confidence,Negative,High Confidence,Low Risk,High Confidence,Low Risk,High Confidence
C=C1C[C@@]23CC[C@@H]4[C@](C)(C(=O)O)[C@H](OC(=O)/C=C/c5ccccc5)CC[C@@]4(C)[C@]2(O)CC[C@@H]1C3,58-3α-Cinnnamoyloxy-9β-hydroxy-ent-kaur-16-en-19-oic acid.sdf,2.476,5.215,4.771,6.051,-6.581,1.79,26.73,464.26,83.83,,5.84,0.35,5.39,129.64,4,2,4,5,,7,High Permeability,High Confidence,Low Efflux,High Confidence,Low Clearance,Low Confidence,High Clearance,High Confidence,BBB-,High Confidence,Low Risk,High Confidence,Negative,High Confidence,Low Risk,High Confidence,Low Risk,Low Confidence
O=c1cccc2n1C[C@@H]1CCCN3CCC[C@@H]2[C@H]13,103-7β-sophoramine.sdf,-0.266,0.814,10.177,8.556,-1.945,14.55,47.1,244.16,25.24,,3.62,0.7,1.82,70.76,3,,,3,,3,High Permeability,High Confidence,Low Efflux,Low Confidence,Low Clearance,High Confidence,Low Clearance,High Confidence,BBB+,Low Confidence,Low Risk,High Confidence,Positive,Low Confidence,Low Risk,High Confidence,High Risk,Low Confidence
C=C1C[C@@]23CC[C@H]4[C@@](C)(CC[C@@H](OC(=O)/C(C)=C\C)[C@@]4(C)C(=O)O)[C@@H]2CC[C@@H]1C3,60-3α-Angeloyloxy-ent-kaur-16-en-oic acid.sdf,3.244,5.464,4.809,5.545,-7.06,3.34,34.75,400.26,63.6,,5.81,0.38,5.53,112.14,3,1,3,4,,7,High Permeability,High Confidence,Low Efflux,High Confidence,Low Clearance,Low Confidence,High Clearance,High Confidence,BBB+,High Confidence,Low Risk,High Confidence,Negative,High Confidence,Low Risk,High Confidence,Low Risk,Low Confidence
COC(=O)[C@@]1(C)C2=C(CC[C@H]1OC(C)=O)[C@@]1(C[C@@H](c3ccoc3)CC1=O)[C@H](C)CC2,125-crassifolin F.sdf,3.145,3.711,11.228,4.706,-5.247,13.4,22.13,414.2,82.81,,5.2,0.54,4.34,108.46,6,,3,6,,5,High Permeability,High Confidence,Low Efflux,High Confidence,High Clearance,High Confidence,High Clearance,High Confidence,BBB+,High Confidence,Low Risk,High Confidence,Negative,High Confidence,Low Risk,High Confidence,Low Risk,High Confidence
CC(C)=CC[C@@H]1CC23->C(=O)<-C4(CC=C(C)C)C[C@](C)([C@@H](CC=C(C)C)C2)[C@@]3(O)C(C(=O)c2ccc(O)c(O)c2)(C4=O)C1(C)C,102-Garcimulin A.sdf,,,,,,,,,,,,,,,,,,,,,,,,,,,,,,,,,,,,,,
COC(=O)[C@]1(C=O)CCCC2=C1C(=O)C[C@@H](C)[C@]21C[C@@H](c2ccoc2)OC1=O,131-Crassifolin M.sdf,1.79,2.002,6.906,3.791,-3.977,21.83,60.81,386.14,99.88,,5.26,0.45,2.7,94.77,7,,3,7,,4,High Permeability,High Confidence,Low Efflux,High Confidence,High Clearance,High Confidence,High Clearance,High Confidence,BBB+,High Confidence,Low Risk,High Confidence,Positive,Low Confidence,Low Risk,High Confidence,Low Risk,Low Confidence
CC1(C)[C@@H](OC(=O)/C=C/c2ccc(O)cc2)CC[C@]2(C)[C@H]3CC=C4[C@@H]5C[C@](C)(CO)CC[C@]5(C(=O)O)CC[C@@]4(C)[C@]3(C)CC[C@@H]12,"98-3-O-trans-p-coumaroyl-2α,3β,29-trihydroxy-olean-12-en-28-oic acid.sdf",4.796,6.869,7.399,6.851,-9.47,1.79,12.79,618.39,104.06,,4.95,0.17,8.18,175.11,5,3,5,6,,9,High Permeability,Low Confidence,Low Efflux,Low Confidence,Low Clearance,Low Confidence,High Clearance,High Confidence,BBB-,High Confidence,Low Risk,High Confidence,Negative,High Confidence,Low Risk,High Confidence,Low Risk,Low Confidence
CC1O[C@@H](O[C@H]2C(O)[C@H](O)C(CO)O[C@H]2O[C@H]2CC[C@@]3(C)C(=CCC4C3CC[C@@]3(C)C4C[C@@H]4O[C@]5(CC[C@@H](C)CO5)[C@@H](C)[C@@]43O)C2)C(O)[C@@H](O)[C@H]1O,49-Polyphyllin VI.sdf,2.874,2.678,10.303,5.448,-5.803,0.58,1.76,738.42,196.99,,6.34,0.2,1.5,183.02,13,7,5,13,,21,Low Permeability,Low Confidence,Low Efflux,High Confidence,High Clearance,Low Confidence,Low Clearance,High Confidence,BBB-,High Confidence,Low Risk,High Confidence,Negative,High Confidence,Low Risk,High Confidence,Low Risk,High Confidence
C/C=C(\C)C(=O)OC[C@]1(O)[C@H]2C[C@H]2[C@]2(C)[C@@H]3C[C@@]4(O)C5=C(C6=C(C)C(=O)O[C@]6(O)[C@H](O)[C@@]5(C)[C@@H]5C[C@@H]54)[C@@]34OC(=O)C(CO)=C4C[C@@H]12,19-Chloramultilide D.sdf,1.97,1.355,9.053,4.071,-3.553,3.09,17.3,636.26,180.05,,6.91,0.17,1.13,155.62,11,5,4,11,,13,High Permeability,High Confidence,Low Efflux,Low Confidence,High Clearance,High Confidence,Low Clearance,High Confidence,BBB-,High Confidence,Low Risk,High Confidence,Negative,Low Confidence,High Risk,High Confidence,Low Risk,Low Confidence
C=C1C(=O)O[C@H]2[C@@H](OC(=O)/C(C)=C/C)[C@@H]1[C@H](CC(=O)C(C)C)[C@H]1[C@@]2(C)[C@@H](OC(C)=O)CC[C@]1(C)O,65-Wedelolide D.sdf,2.393,2.243,10.572,3.999,-3.852,14,51.76,490.26,116.2,,5.8,0.34,3.31,126.78,8,1,6,8,,8,High Permeability,High Confidence,High Efflux,High Confidence,High Clearance,High Confidence,High Clearance,High Confidence,BBB-,Low Confidence,Low Risk,High Confidence,Negative,High Confidence,Low Risk,High Confidence,Low Risk,Low Confidence
CC(=O)N1CCC[C@H]2[C@@H](C[C@H]3CCCCN3)C[C@H](C)C[C@H]21,10-Serratezomine E.sdf,-0.422,3.271,10.437,10.534,-3.64,18.11,50.93,292.25,32.34,,4.13,0.85,3.19,86.05,2,1,2,3,,5,High Permeability,High Confidence,High Efflux,High Confidence,Low Clearance,High Confidence,Low Clearance,High Confidence,BBB+,High Confidence,Low Risk,High Confidence,Negative,High Confidence,Low Risk,High Confidence,Low Risk,Low Confidence
CC(=O)N1CCC[C@H]2[C@@H](C[C@H]3CCCCN3)C[C@H](C)C[C@H]21,10-Serratezomine E.sdf,-0.422,3.271,10.437,10.534,-3.64,18.11,50.93,292.25,32.34,,4.13,0.85,3.19,86.05,2,1,2,3,,5,High Permeability,High Confidence,High Efflux,High Confidence,Low Clearance,High Confidence,Low Clearance,High Confidence,BBB+,High Confidence,Low Risk,High Confidence,Negative,High Confidence,Low Risk,High Confidence,Low Risk,Low Confidence
C/C=C(\C)C(=O)OC[C@]1(O)[C@H]2C[C@H]2[C@]2(C)[C@@H]3C[C@@]4(O)C5=C(C6=C(C)C(=O)O[C@]6(O)[C@H](O)[C@@]5(C)[C@@H]5C[C@@H]54)[C@@]34OC(=O)C(C)=C4C[C@@H]12,24-Chloranholide G.sdf,2.409,1.82,9.112,3.999,-4.084,6.08,16.07,620.26,159.82,,6.85,0.21,2.15,154.21,10,4,3,10,,13,High Permeability,High Confidence,High Efflux,Low Confidence,High Clearance,High Confidence,High Clearance,Low Confidence,BBB-,High Confidence,Low Risk,High Confidence,Negative,Low Confidence,High Risk,High Confidence,Low Risk,Low Confidence
COC(=O)[C@@]1(C)C2=C(CC[C@H]1O)[C@@]1(C[C@@H](c3ccoc3)OC1=O)[C@H](C)CC2,129-crassifolin K.sdf,2.241,2.692,10.434,3.552,-4.08,21.09,33.73,374.17,85.97,,5.18,0.63,3.31,95.38,6,1,2,6,,5,High Permeability,High Confidence,High Efflux,Low Confidence,High Clearance,High Confidence,High Clearance,High Confidence,BBB+,High Confidence,Low Risk,High Confidence,Negative,High Confidence,Low Risk,High Confidence,Low Risk,Low Confidence
CNCC(O)c1ccc(O)cc1,70-Synephrine.sdf,-0.939,-0.504,9.54,9.072,0.551,2.22,154.88,167.09,52.49,,2.4,0.62,0.65,46.99,3,3,3,3,,1,High Permeability,High Confidence,Low Efflux,High Confidence,Low Clearance,High Confidence,High Clearance,High Confidence,BBB-,High Confidence,Low Risk,High Confidence,Negative,High Confidence,Low Risk,High Confidence,Low Risk,Low Confidence
O=C(O)CCCc1ncc2c3c1CCCN3CCC2,118-Flavesine G.sdf,-0.37,1.188,4.238,9.72,-2.534,20.51,17.34,260.15,53.43,,2.56,0.9,2.19,73.67,3,1,4,4,,,High Permeability,High Confidence,High Efflux,High Confidence,Low Clearance,High Confidence,Low Clearance,High Confidence,BBB+,High Confidence,Low Risk,High Confidence,Positive,Low Confidence,Low Risk,High Confidence,High Risk,Low Confidence
C1(N/N=C(\C#N)/C#N)C=CC(OC(F)(F)F)=CC=1,FCCP,,,,,,,,,,,,,,,,,,,,,,,,,,,,,,,,,,,,,,